date,max_temperature,mean_temperature,min_temperature,max_dew_point,mean_dew_point,min_dew_point,max_humidity,mean_humidity,min_humidity,max_sea_level_pressure,mean_sea_level_pressure,min_sea_level_pressure,max_visibility,mean_visibility,min_visibility,max_wind_Speed,mean_wind_speed,precipitation,cloud_cover,events,wind_dir_degrees
2013-09-01,81,70,61,62,58,54,80,67,47,29.94,29.95,29.85,10,10,10,14,4,0.0,1,,354
2013-09-02,80,71,66,64,61,58,80,70,58,29.95,29.95,29.86,10,10,10,14,4,0.0,5,,337
2013-09-03,81,69,58,60,56,52,82,65,44,29.99,29.99,29.93,10,10,10,19,2,1.71,6,Rain,341
2013-09-04,82,68,56,61,55,49,81,64,43,30.04,30.02,29.94,10,10,10,15,0,0.0,0,,324
2013-09-05,81,68,56,59,54,50,81,63,41,30.02,30.02,29.95,10,10,10,16,1,0.0,0,,335
2013-09-06,90,71,54,62,54,47,80,57,31,29.99,29.93,29.79,10,10,10,8,0,0.0,0,,350
2013-09-07,95,74,58,64,55,48,71,55,26,29.87,29.86,29.77,10,10,10,0,0,0.0,0,,337
2013-09-08,85,70,60,64,58,53,81,66,46,29.87,29.85,29.74,10,10,10,5,0,0.0,1,,326
2013-09-09,85,70,59,64,58,52,81,68,44,29.81,29.79,29.7,10,10,10,7,0,0.0,0,,334
2013-09-10,81,70,62,62,58,54,82,68,52,29.89,29.82,29.73,10,10,9,6,0,0.0,3,,18
2013-09-11,77,66,56,60,55,50,81,68,55,29.98,29.97,29.88,10,10,9,12,1,0.0,0,,6
2013-09-12,75,67,61,61,57,53,78,71,60,29.98,29.97,29.88,10,10,10,14,2,0.0,4,,353
2013-09-13,73,66,61,60,56,54,79,73,62,29.92,29.89,29.78,10,10,10,17,3,0.0,4,,356
2013-09-14,73,64,57,60,55,50,82,71,62,29.84,29.83,29.75,10,10,10,15,2,0.0,4,,353
2013-09-15,79,66,56,61,55,49,80,69,52,29.88,29.86,29.8,10,10,10,15,2,0.0,4,,338
2013-09-16,81,68,60,62,56,51,83,68,45,29.9,29.88,29.78,10,10,10,17,2,0.0,3,,329
2013-09-17,76,65,56,56,52,49,81,64,43,29.89,29.9,29.85,10,10,10,23,3,0.0,1,,319
2013-09-18,84,66,52,58,51,46,81,62,36,29.91,29.89,29.8,10,10,10,11,2,0.0,0,,346
2013-09-19,86,66,52,60,52,45,81,61,37,29.85,29.83,29.73,10,10,10,12,2,0.0,0,,349
2013-09-20,78,65,52,60,54,46,81,68,54,29.87,29.86,29.78,10,10,10,16,2,0.0,3,,354
2013-09-21,70,64,56,59,55,50,81,74,61,29.91,29.87,29.81,10,8,1,11,2,0.37,5,Rain,259
2013-09-22,74,61,50,56,51,46,87,70,46,30.01,29.99,29.9,10,10,10,16,4,0.0,1,,330
2013-09-23,82,66,52,59,53,46,83,65,44,30.02,30.0,29.91,10,10,10,15,4,0.0,0,,337
2013-09-24,77,65,32,54,51,15,80,63,41,30.0,29.98,29.92,10,10,10,17,5,0.0,0,,303
2013-09-25,72,62,55,48,46,44,73,58,42,29.94,29.92,29.83,10,10,10,28,6,0.0,0,,293
2013-09-26,76,60,47,45,42,39,76,54,29,29.98,29.93,29.84,10,10,10,15,3,0.0,0,,321
2013-09-27,80,61,46,48,42,38,77,52,28,30.1,30.07,29.97,10,10,10,9,1,0.0,0,,334
2013-09-28,81,63,47,54,46,37,71,56,28,30.09,30.07,29.97,10,10,10,11,2,0.0,0,,334
2013-09-29,77,65,53,60,54,46,82,68,52,30.11,30.1,30.03,10,10,10,19,2,0.0,0,,340
2013-09-30,76,66,57,61,56,44,83,72,55,30.08,30.05,29.95,10,10,10,13,2,0.0,2,,348
2013-10-01,73,62,50,54,48,42,78,62,48,30.02,30.0,29.91,10,10,10,18,2,0.0,0,,350
2013-10-02,75,61,50,55,48,42,82,64,41,30.01,29.99,29.92,10,10,10,16,2,0.0,0,,341
2013-10-03,74,60,46,46,41,37,74,52,30,30.07,30.03,29.94,10,10,10,15,4,0.0,0,,297
2013-10-04,81,68,54,42,38,34,50,34,21,30.09,30.06,29.96,10,10,10,18,3,0.0,0,,6
2013-10-05,85,64,47,43,39,36,66,44,20,30.19,30.15,30.08,10,10,10,11,1,0.0,0,,340
2013-10-06,84,64,47,52,42,35,65,48,25,30.12,30.08,29.98,10,10,10,8,1,0.0,0,,321
2013-10-07,82,64,50,52,43,38,64,48,23,29.99,29.96,29.86,10,10,10,13,2,0.0,0,,345
2013-10-08,75,60,48,54,46,40,75,60,39,29.91,29.85,29.72,10,10,10,13,2,0.0,0,,354
2013-10-09,70,58,49,48,44,41,77,62,43,29.76,29.7,29.63,10,10,10,14,1,0.0,2,,63
2013-10-10,72,58,48,51,45,39,75,63,46,30.02,29.92,29.76,10,10,10,14,2,0.0,0,,348
2013-10-11,67,55,46,53,46,40,82,72,60,30.09,30.05,29.98,10,10,9,14,2,0.0,0,,341
2013-10-12,68,57,47,54,46,41,84,69,46,30.02,29.99,29.9,10,9,4,28,2,0.0,2,,344
2013-10-13,74,58,45,50,45,39,84,63,38,30.07,30.02,29.94,10,10,10,14,2,0.0,0,,326
2013-10-14,79,60,44,47,42,37,79,55,29,30.12,30.08,29.97,10,10,10,28,3,0.0,0,,318
2013-10-15,80,61,45,44,40,36,74,50,26,30.04,30.02,29.92,10,10,10,28,2,0.0,0,,325
2013-10-16,82,62,46,46,41,35,69,48,27,30.08,30.06,29.99,10,10,10,28,2,0.0,0,,334
2013-10-17,81,62,46,49,42,36,69,51,24,30.08,30.04,29.94,10,10,10,28,3,0.0,0,,343
2013-10-18,77,60,46,55,46,37,81,62,38,30.06,30.03,29.96,10,10,10,28,2,0.0,0,,337
2013-10-19,78,60,46,57,48,39,85,65,40,30.08,30.05,29.97,10,10,7,28,1,0.0,0,,339
2013-10-20,71,58,49,56,48,42,84,71,53,30.03,30.0,29.9,10,7,1,14,1,0.0,4,,323
2013-10-21,68,58,51,54,49,44,81,73,58,30.02,29.99,29.9,10,8,5,14,1,0.0,4,,343
2013-10-22,69,57,49,56,49,43,84,75,60,30.03,30.0,29.91,10,8,4,14,1,0.0,4,,329
2013-10-23,65,57,53,54,50,48,84,78,65,29.99,29.97,29.9,10,6,2,14,1,0.0,5,,344
2013-10-24,62,55,48,50,47,42,82,77,65,30.12,30.07,29.99,10,9,5,7,1,0.0,5,,347
2013-10-25,68,55,44,53,46,39,86,74,55,30.18,30.15,30.07,10,10,7,14,1,0.0,3,,349
2013-10-26,75,57,44,57,47,39,87,71,48,30.16,30.11,30.01,10,10,5,8,1,0.0,0,,332
2013-10-27,65,55,47,51,46,41,83,73,57,30.04,29.92,29.71,10,10,9,20,3,0.0,5,,295
2013-10-28,66,57,52,47,45,43,74,65,47,29.87,29.76,29.69,10,10,10,22,4,0.0,5,,283
2013-10-29,63,56,48,49,45,40,77,69,57,30.06,29.99,29.87,10,10,10,8,1,0.0,5,,355
2013-10-30,67,53,42,50,43,36,84,69,49,30.15,30.12,30.06,10,10,10,14,2,0.0,0,,346
2013-10-31,72,55,43,50,43,36,81,66,41,30.19,30.14,30.05,10,10,10,14,1,0.0,0,,325
2013-11-01,75,57,43,49,43,37,82,63,36,30.14,30.09,30.0,10,10,10,14,1,0.0,0,,337
2013-11-02,68,54,44,54,45,37,84,71,58,30.03,30.0,29.92,10,10,10,14,1,0.0,0,,338
2013-11-03,64,53,42,44,38,35,83,61,34,30.05,30.0,29.92,10,10,10,18,2,0.0,0,,305
2013-11-04,66,52,40,42,36,32,80,55,32,30.07,30.01,29.92,10,10,10,13,2,0.0,0,,292
2013-11-05,73,56,42,43,37,32,71,51,30,30.22,30.17,30.07,10,10,5,9,1,0.0,0,,316
2013-11-06,72,56,43,45,40,34,72,56,33,30.25,30.22,30.15,10,10,10,5,1,0.0,0,,339
2013-11-07,72,57,47,49,44,38,75,61,35,30.17,30.14,30.07,10,10,8,12,1,0.0,0,,2
2013-11-08,69,56,46,54,46,40,85,72,54,30.09,30.06,29.95,10,8,2,14,1,0.0,3,,352
2013-11-09,70,55,44,52,45,38,85,70,50,30.04,30.02,29.95,10,10,10,14,1,0.0,0,,349
2013-11-10,64,54,44,51,46,38,84,75,61,30.13,30.11,30.03,10,9,5,14,1,0.0,3,,9
2013-11-11,66,58,52,52,49,46,81,73,56,30.16,30.14,30.07,9,7,4,5,1,0.0,3,,29
2013-11-12,71,60,50,53,48,42,78,67,48,30.26,30.25,30.15,10,10,9,14,1,0.0,0,,328
2013-11-13,74,56,46,56,47,40,83,72,48,30.26,30.19,30.11,10,10,10,14,1,0.0,1,,335
2013-11-14,63,56,50,53,49,44,84,77,69,30.12,30.04,29.9,10,8,5,14,1,0.0,4,,360
2013-11-15,66,53,43,47,42,38,84,69,43,29.9,29.83,29.72,10,10,10,14,2,0.0,0,,355
2013-11-16,64,52,43,48,42,36,82,70,52,29.93,29.88,29.78,10,10,10,14,2,0.0,0,,180
2013-11-17,62,51,42,48,43,37,85,73,57,30.09,30.05,29.93,10,10,10,14,1,0.0,0,,21
2013-11-18,60,51,42,48,43,37,84,74,62,30.15,30.13,30.08,10,10,10,14,1,0.0,0,,4
2013-11-19,65,56,48,53,49,42,85,76,61,30.11,30.05,29.94,10,10,8,28,2,0.27,6,Rain,138
2013-11-20,64,57,52,57,52,47,88,85,78,29.95,29.91,29.84,10,9,1,86,4,0.22,7,Rain,2
2013-11-21,61,54,46,49,40,32,86,63,36,29.99,29.96,29.9,10,10,6,14,3,0.0,5,,326
2013-11-22,67,52,40,35,32,28,68,50,26,30.04,29.99,29.89,10,10,10,6,1,0.0,0,,315
2013-11-23,64,51,40,40,36,32,73,59,36,30.11,30.05,29.96,10,10,10,6,1,0.0,0,,325
2013-11-24,64,49,39,46,38,32,80,67,44,30.25,30.2,30.11,10,10,10,14,1,0.0,0,,343
2013-11-25,64,49,38,46,39,32,83,69,48,30.32,30.29,30.24,10,10,7,14,1,0.0,0,,339
2013-11-26,63,51,42,49,41,35,83,70,54,30.26,30.17,30.03,10,10,8,14,0,0.0,0,,342
2013-11-27,64,52,41,48,43,35,83,71,54,30.03,29.93,29.83,10,8,5,14,1,0.0,0,,338
2013-11-28,67,54,45,48,43,39,82,69,46,30.08,29.98,29.86,10,8,6,14,2,0.0,0,,338
2013-11-29,67,52,41,48,41,35,82,68,45,30.22,30.16,30.08,10,10,10,14,1,0.0,0,,328
2013-11-30,64,51,41,51,42,34,83,72,54,30.27,30.26,30.18,10,10,8,14,1,0.0,0,,340
2013-12-01,65,51,41,50,42,35,84,71,52,30.34,30.29,30.21,10,10,8,14,1,0.0,0,,336
2013-12-02,62,50,40,51,43,34,87,77,66,30.24,30.13,29.98,10,10,6,14,1,0.0,2,,320
2013-12-03,56,50,39,48,39,30,82,65,49,29.98,29.94,29.85,10,10,10,17,4,0.0,3,,298
2013-12-04,52,41,32,30,27,24,74,59,36,30.09,30.05,29.94,10,10,10,14,2,0.0,0,,303
2013-12-05,51,38,28,26,22,20,72,55,32,30.17,30.15,30.08,10,10,10,14,1,0.0,0,,341
2013-12-06,57,44,34,44,32,22,80,63,45,30.19,30.13,29.92,10,10,5,16,2,0.08,4,Rain,167
2013-12-07,50,45,34,44,32,25,80,62,42,30.24,30.13,29.92,10,10,10,20,5,0.08,3,Rain,294
2013-12-08,46,38,31,29,24,21,76,59,42,30.33,30.29,30.22,10,10,10,14,2,0.0,0,,349
2013-12-09,50,38,29,26,22,18,65,52,35,30.41,30.39,30.31,10,10,10,14,1,0.0,0,,5
2013-12-10,52,38,28,32,26,20,74,62,45,30.4,30.31,30.2,10,10,10,14,1,0.0,0,,328
2013-12-11,55,42,31,35,29,23,76,61,42,30.25,30.22,30.17,10,10,10,14,1,0.0,0,,343
2013-12-12,57,42,31,36,30,23,76,63,42,30.26,30.24,30.15,10,9,7,14,1,0.0,0,,324
2013-12-13,58,44,34,42,34,26,77,67,49,30.34,30.3,30.23,10,9,8,14,1,0.0,2,,314
2013-12-14,60,45,34,40,33,27,80,65,46,30.41,30.36,30.3,10,10,10,14,1,0.0,0,,351
2013-12-15,59,45,34,41,34,27,79,66,47,30.37,30.31,30.23,10,9,7,14,1,0.0,0,,356
2013-12-16,63,48,37,42,36,30,79,63,43,30.24,30.19,30.1,10,9,7,14,1,0.0,0,,65
2013-12-17,63,50,39,42,37,31,78,63,44,30.17,30.12,30.03,10,6,3,14,1,0.0,0,,346
2013-12-18,59,50,43,46,41,35,77,72,57,30.03,29.93,29.8,10,8,6,14,1,0.0,0,,324
2013-12-19,58,48,41,40,36,28,80,64,45,29.93,29.84,29.74,10,10,10,17,3,0.0,1,,287
2013-12-20,60,46,34,28,26,21,67,47,22,30.01,30.0,29.92,10,10,10,14,1,0.0,0,,340
2013-12-21,60,47,37,47,36,26,76,66,54,30.08,30.04,29.96,10,10,10,14,2,0.0,0,,358
2013-12-22,65,50,38,45,37,32,85,65,40,30.28,30.21,30.08,10,8,0,14,1,0.0,1,,316
2013-12-23,62,48,39,44,37,31,79,67,50,30.38,30.36,30.28,10,10,7,14,1,0.0,0,,329
2013-12-24,68,50,38,46,38,32,80,65,43,30.34,30.28,30.19,10,9,7,14,1,0.0,0,,292
2013-12-25,63,48,36,44,36,29,80,66,48,30.3,30.26,30.18,10,10,10,14,1,0.0,0,,314
2013-12-26,66,49,36,45,37,29,80,66,43,30.26,30.23,30.14,10,10,8,14,1,0.0,0,,335
2013-12-27,59,46,36,44,37,29,79,69,54,30.23,30.2,30.11,10,8,5,14,1,0.0,0,,350
2013-12-28,64,47,35,41,34,29,83,62,38,30.15,30.11,30.02,10,9,6,14,2,0.0,0,,331
2013-12-29,66,49,37,34,30,27,67,52,28,30.17,30.14,30.08,10,10,10,14,1,0.0,0,,299
2013-12-30,63,47,35,39,32,26,72,59,38,30.25,30.24,30.17,10,10,8,14,1,0.0,0,,343
2013-12-31,58,46,38,43,36,29,81,70,54,30.28,30.24,30.14,10,4,0,14,1,0.0,4,Fog,317
2014-01-01,59,46,34,44,36,28,80,69,53,30.22,30.19,30.11,10,8,6,14,2,0.0,0,,348
2014-01-02,64,48,37,43,36,30,81,64,41,30.17,30.13,30.04,10,10,8,14,1,0.0,0,,352
2014-01-03,62,49,39,43,37,31,76,65,44,30.07,30.03,29.95,10,10,8,14,1,0.0,0,,359
2014-01-04,64,49,39,46,36,28,84,63,40,30.08,30.04,29.97,10,10,7,14,1,0.0,0,,298
2014-01-05,64,47,34,39,31,24,68,55,37,30.21,30.17,30.07,10,10,10,14,2,0.0,0,,343
2014-01-06,60,48,38,42,36,29,74,64,48,30.29,30.23,30.15,10,10,9,14,1,0.0,0,,355
2014-01-07,61,50,43,46,40,35,76,68,52,30.22,30.19,30.12,10,9,6,14,1,0.0,2,,334
2014-01-08,59,52,45,49,45,38,84,77,71,30.23,30.22,30.15,10,8,2,14,2,0.0,3,,348
2014-01-09,60,50,44,50,42,38,86,76,58,30.27,30.25,30.18,10,9,2,14,2,0.0,3,,258
2014-01-10,63,49,40,50,41,34,86,74,57,30.31,30.26,30.17,10,10,8,14,1,0.0,2,,350
2014-01-11,59,49,43,50,42,37,86,77,69,30.29,30.24,30.15,10,10,8,20,1,0.0,3,,261
2014-01-12,59,48,41,45,39,34,84,71,53,30.4,30.34,30.27,10,10,9,15,3,0.0,2,,293
2014-01-13,67,51,41,43,36,32,76,59,38,30.46,30.41,30.34,10,10,10,14,6,0.0,0,,320
2014-01-14,71,54,41,38,33,29,71,49,25,30.45,30.39,30.31,10,10,10,14,6,0.0,0,,322
2014-01-15,70,52,40,41,34,29,69,51,33,30.34,30.28,30.19,10,10,8,28,4,0.0,0,,320
2014-01-16,70,52,38,42,34,28,70,53,33,30.23,30.19,30.1,10,10,10,28,4,0.0,0,,332
2014-01-17,68,50,37,44,35,27,74,58,38,30.19,30.16,30.09,10,9,7,28,6,0.0,0,,360
2014-01-18,69,49,36,43,34,28,73,57,34,30.17,30.13,30.05,10,10,8,14,4,0.0,0,,327
2014-01-19,68,48,35,43,34,26,72,58,33,30.14,30.11,30.04,10,10,7,14,5,0.0,0,,340
2014-01-20,69,50,36,40,34,28,77,57,32,30.22,30.18,30.11,10,10,8,14,4,0.0,0,,352
2014-01-21,68,49,36,42,34,27,74,57,34,30.27,30.23,30.15,10,10,10,14,5,0.0,0,,357
2014-01-22,71,50,36,44,34,26,70,56,26,30.17,30.06,29.92,10,10,9,14,5,0.0,0,,346
2014-01-23,66,51,38,39,34,30,78,55,34,30.01,29.94,29.85,10,9,6,14,5,0.0,0,,336
2014-01-24,64,50,39,44,37,30,75,61,45,30.27,30.18,30.0,10,7,2,14,6,0.0,0,,350
2014-01-25,72,54,43,45,38,33,76,57,31,30.27,30.21,30.11,10,10,7,14,3,0.0,0,,343
2014-01-26,70,54,44,45,39,32,75,59,37,30.13,30.11,30.01,10,10,9,14,3,0.0,0,,333
2014-01-27,62,53,47,48,45,40,83,74,58,30.2,30.16,30.08,10,5,0,14,3,0.0,3,,264
2014-01-28,66,57,48,56,50,42,82,76,66,30.26,30.23,30.17,10,10,6,14,4,0.0,4,,347
2014-01-29,68,60,56,58,54,48,86,80,69,30.21,30.13,29.98,10,9,4,14,2,0.0,3,,356
2014-01-30,64,56,52,49,46,42,82,70,51,29.98,29.93,29.85,10,10,7,14,3,0.04,5,Rain,299
2014-01-31,61,51,42,45,38,33,82,63,37,30.09,30.05,29.91,10,10,10,15,6,0.0,2,,322
2014-02-01,60,47,36,39,34,29,78,61,38,30.17,30.14,30.08,10,10,10,14,6,0.0,0,,333
2014-02-02,54,48,43,43,39,34,79,71,64,30.08,29.95,29.84,10,10,7,23,7,0.08,5,Rain,149
2014-02-03,57,48,41,43,38,33,80,70,52,30.08,30.06,29.98,10,10,10,16,3,0.0,2,,315
2014-02-04,56,46,38,41,36,31,79,68,55,30.17,30.14,30.07,10,10,10,14,2,0.0,0,,332
2014-02-05,58,47,36,42,37,29,80,69,55,30.21,30.17,30.06,10,10,10,14,3,0.0,4,,43
2014-02-06,56,51,46,47,44,41,84,78,70,30.06,29.98,29.88,10,10,7,21,5,0.45,8,Rain,131
2014-02-07,55,53,49,49,46,44,84,80,76,30.09,30.07,29.98,10,10,10,20,5,0.04,6,Rain,140
2014-02-08,65,59,54,56,51,48,85,76,69,30.16,30.14,30.06,10,10,10,20,7,0.04,7,Rain,148
2014-02-09,67,60,58,55,53,51,80,76,62,30.17,30.14,30.07,10,10,9,14,4,0.02,7,Rain,156
2014-02-10,61,56,51,53,50,46,85,79,70,30.28,30.24,30.11,10,9,2,14,2,0.0,6,,340
2014-02-11,62,54,48,50,47,42,86,77,64,30.25,30.24,30.16,10,7,0,10,1,0.0,4,Fog,328
2014-02-12,63,54,47,50,46,42,82,75,62,30.29,30.25,30.17,10,9,5,14,2,0.0,3,,335
2014-02-13,70,58,48,58,50,43,86,77,62,30.22,30.18,30.09,10,8,0,114,2,0.0,3,Fog,351
2014-02-14,64,58,50,55,51,44,88,78,64,30.17,30.14,30.06,10,8,2,14,2,0.0,7,,327
2014-02-15,62,55,47,53,48,42,86,78,71,30.06,30.04,29.96,10,10,10,14,1,0.0,2,,132
2014-02-16,64,56,47,51,42,36,83,63,40,30.21,30.14,30.04,10,10,4,14,4,0.02,2,Rain,311
2014-02-17,62,50,40,45,40,33,82,67,52,30.18,30.17,30.1,10,10,10,14,5,0.0,0,,334
2014-02-18,66,53,42,49,43,36,84,69,49,30.2,30.17,30.09,10,10,10,14,5,0.0,0,,348
2014-02-19,67,56,48,48,44,39,83,66,45,30.21,30.17,30.09,10,10,4,114,6,0.02,3,Rain,315
2014-02-20,69,54,42,45,39,35,80,60,36,30.2,30.18,30.1,10,10,10,14,4,0.0,0,,310
2014-02-21,73,55,41,47,41,34,80,60,33,30.12,30.07,29.97,10,10,10,14,2,0.0,0,,342
2014-02-22,71,55,43,50,43,35,81,66,39,30.02,30.0,29.9,10,10,10,14,2,0.0,0,,338
2014-02-23,70,56,46,52,45,40,80,70,45,30.03,30.01,29.93,10,9,7,14,2,0.0,3,,337
2014-02-24,75,57,42,51,44,35,85,64,36,30.0,29.97,29.87,10,10,10,14,3,0.0,0,,344
2014-02-25,66,56,47,51,46,40,80,70,58,29.98,29.96,29.88,10,9,7,14,4,0.0,2,,44
2014-02-26,62,56,53,53,50,45,86,78,69,29.95,29.85,29.67,10,8,2,28,8,0.78,7,Rain,133
2014-02-27,69,60,52,52,48,45,84,67,49,29.89,29.8,29.49,10,10,8,28,10,0.02,3,Rain,153
2014-02-28,62,56,53,52,49,45,85,77,57,29.5,29.44,29.36,10,8,2,20,6,0.88,7,Rain,143
2014-03-01,67,60,53,51,49,46,89,69,48,29.83,29.64,29.48,10,10,10,25,10,0.21,6,Rain,136
2014-03-02,63,58,52,54,50,46,86,71,56,30.19,30.03,29.84,10,9,2,17,6,0.03,5,Rain,179
2014-03-03,63,56,49,52,49,47,89,75,60,30.18,30.13,30.05,10,10,9,20,5,0.14,6,Rain,136
2014-03-04,67,61,54,55,53,50,86,75,63,30.13,30.09,30.06,10,10,10,16,4,0.0,3,,35
2014-03-05,71,63,54,56,54,47,93,69,45,30.12,30.08,30.01,10,10,10,14,5,0.0,5,Rain,125
2014-03-06,66,60,53,57,52,48,93,75,56,30.22,30.16,30.08,10,10,9,15,5,0.01,3,Rain,320
2014-03-07,69,59,49,51,46,43,86,64,42,30.2,30.17,30.11,10,10,10,16,5,0.0,0,,317
2014-03-08,73,60,47,53,47,42,89,61,33,30.22,30.17,30.13,10,10,10,10,2,0.0,0,,330
2014-03-09,76,67,57,53,50,42,72,55,38,30.19,30.14,30.09,10,10,10,12,3,0.0,0,,315
2014-03-10,69,61,53,54,48,44,86,63,40,30.26,30.18,30.12,10,10,4,15,7,0.01,2,Rain,308
2014-03-11,71,62,52,44,33,23,66,44,21,30.21,30.11,30.04,10,10,10,22,10,0.0,0,,16
2014-03-12,77,67,56,36,29,20,40,28,16,30.11,30.05,30.0,10,10,10,20,9,0.0,0,,22
2014-03-13,78,63,48,49,38,22,80,46,12,30.09,30.04,29.99,10,10,10,17,3,0.0,0,,344
2014-03-14,70,59,48,53,47,41,83,62,40,30.24,30.17,30.09,10,10,10,14,4,0.0,0,,350
2014-03-15,79,64,49,53,48,41,86,57,28,30.32,30.28,30.24,10,10,10,15,4,0.0,0,,328
2014-03-16,76,63,50,53,48,41,83,56,29,30.33,30.28,30.2,10,10,10,21,5,0.0,0,,349
2014-03-17,69,61,52,48,45,41,77,57,37,30.28,30.12,29.99,10,10,10,15,6,0.0,3,,309
2014-03-18,72,60,47,44,34,25,77,48,19,30.0,29.96,29.91,10,10,10,14,4,0.0,0,,330
2014-03-19,75,61,46,46,37,32,62,43,23,30.1,30.05,29.99,10,10,10,13,3,0.0,0,,348
2014-03-20,73,62,51,51,43,38,69,50,31,30.08,30.02,29.96,10,10,10,17,6,0.0,0,,352
2014-03-21,68,58,48,50,46,41,83,66,48,30.03,29.99,29.95,10,10,9,17,5,0.0,0,,10
2014-03-22,69,58,47,50,46,42,86,64,42,30.14,30.07,30.01,10,10,10,14,5,0.0,1,,34
2014-03-23,68,60,51,50,47,46,83,66,48,30.2,30.15,30.1,10,10,7,14,5,0.0,3,,21
2014-03-24,74,61,47,51,44,34,82,54,25,30.17,30.1,30.04,10,10,10,17,5,0.0,0,,341
2014-03-25,67,57,47,54,44,34,72,62,51,30.07,29.97,29.9,10,10,7,17,5,0.01,3,Rain,262
2014-03-26,63,58,53,52,48,43,89,71,52,30.0,29.89,29.85,10,9,4,15,6,0.24,6,Rain,222
2014-03-27,67,59,50,48,45,42,83,63,42,30.16,30.08,30.01,10,10,10,17,5,0.0,5,,162
2014-03-28,71,61,51,51,47,45,83,64,44,30.22,30.16,30.11,10,10,10,14,5,0.0,4,,143
2014-03-29,64,58,51,56,51,47,93,78,63,30.17,30.08,30.04,10,9,1,12,5,0.28,6,Rain,155
2014-03-30,63,56,49,48,44,39,89,66,43,30.15,30.12,30.08,10,10,10,16,6,0.03,2,,291
2014-03-31,57,51,45,45,43,41,92,75,57,30.1,29.95,29.88,10,8,2,18,7,0.52,4,Rain,150
2014-04-01,60,53,45,45,43,41,92,74,55,29.97,29.92,29.87,10,10,4,20,8,0.36,5,Rain,148
2014-04-02,61,53,45,44,42,39,93,70,46,30.13,30.04,29.91,10,10,10,14,6,0.01,3,Rain,8
2014-04-03,64,54,44,49,43,40,89,65,40,30.14,30.1,30.04,10,10,10,17,4,0.0,1,,319
2014-04-04,61,56,50,48,45,40,83,65,46,30.08,30.04,29.99,10,8,2,16,7,0.21,7,Rain,268
2014-04-05,66,58,50,48,45,43,83,66,48,30.22,30.14,30.07,10,10,10,21,6,0.0,2,,314
2014-04-06,77,62,47,54,48,43,80,61,41,30.25,30.19,30.12,10,10,10,14,4,0.0,0,,344
2014-04-07,81,67,53,56,51,47,83,60,36,30.17,30.12,30.07,10,10,10,12,3,0.0,0,,340
2014-04-08,82,70,58,59,55,51,80,61,42,30.12,30.08,30.02,10,10,10,15,4,0.0,0,,334
2014-04-09,70,63,55,55,53,50,86,72,57,30.11,30.06,30.0,10,10,10,14,5,0.0,2,,323
2014-04-10,76,65,54,55,50,41,89,59,29,30.05,30.0,29.91,10,9,7,14,4,0.0,3,,321
2014-04-11,66,61,55,54,52,50,86,77,67,29.96,29.92,29.87,10,10,9,15,6,0.0,4,,343
2014-04-12,68,61,54,52,48,46,77,65,52,29.98,29.92,29.88,10,10,10,18,6,0.0,4,,18
2014-04-13,72,64,55,55,49,45,80,65,49,30.07,30.02,29.97,10,10,10,21,5,0.0,3,,317
2014-04-14,72,63,54,55,52,48,86,68,49,30.14,30.09,30.04,10,10,9,15,5,0.0,3,,345
2014-04-15,68,61,54,53,50,47,86,71,56,30.09,30.01,29.92,10,10,9,20,6,0.0,3,,359
2014-04-16,77,64,51,54,50,46,83,62,41,29.95,29.9,29.83,10,10,9,20,7,0.0,0,,352
2014-04-17,70,62,53,53,49,43,83,64,44,29.9,29.87,29.82,10,10,9,24,7,0.0,0,,337
2014-04-18,69,61,52,53,47,36,77,58,39,29.98,29.93,29.89,10,10,9,21,7,0.0,0,,354
2014-04-19,69,60,50,51,47,43,86,67,48,30.15,30.09,29.98,10,10,10,23,6,0.0,0,,355
2014-04-20,80,66,51,54,49,36,83,52,20,30.17,30.12,30.07,10,10,10,18,5,0.0,0,,353
2014-04-21,71,61,51,51,46,35,77,52,27,30.11,30.05,30.0,10,10,10,21,6,0.0,1,,338
2014-04-22,65,58,51,50,40,31,72,50,28,30.16,30.09,29.99,10,10,9,21,10,0.0,3,Rain,298
2014-04-23,68,59,50,48,41,37,72,56,39,30.17,30.14,30.11,10,10,10,22,8,0.0,0,,314
2014-04-24,68,60,52,52,49,46,83,68,52,30.14,30.08,30.01,10,10,10,23,6,0.0,1,Rain,324
2014-04-25,60,56,51,53,48,41,86,74,61,29.99,29.9,29.83,10,9,5,16,7,0.28,8,Rain,252
2014-04-26,62,55,48,44,40,34,82,61,36,30.13,30.0,29.88,10,10,10,15,8,0.0,2,,282
2014-04-27,66,59,51,49,44,40,71,60,48,30.17,30.11,30.07,10,10,10,21,9,0.0,4,,88
2014-04-28,72,60,48,50,42,32,80,54,28,30.25,30.2,30.17,10,10,10,16,5,0.0,0,,328
2014-04-29,86,69,52,55,44,37,66,44,21,30.22,30.15,30.06,10,10,10,13,3,0.0,0,,334
2014-04-30,91,75,59,54,49,46,65,44,23,30.1,30.05,30.0,10,10,10,15,4,0.0,0,,342
2014-05-01,89,75,60,53,47,43,63,42,21,30.11,30.07,30.04,10,10,10,16,4,0.0,0,,336
2014-05-02,78,67,56,54,49,43,72,50,28,30.11,30.08,30.02,10,10,10,17,5,0.0,0,,336
2014-05-03,70,63,56,54,50,45,86,65,44,30.08,30.05,30.01,10,10,10,25,8,0.0,3,,338
2014-05-04,72,63,53,51,48,47,77,62,47,30.08,30.06,30.02,10,10,10,23,7,0.0,1,,313
2014-05-05,68,61,54,48,45,42,72,57,42,30.08,30.04,29.99,10,10,10,20,8,0.0,2,,299
2014-05-06,73,63,53,45,43,38,71,50,29,29.97,29.94,29.9,10,10,10,22,7,0.0,0,,299
2014-05-07,69,60,51,48,44,42,77,58,39,30.04,29.98,29.93,10,10,10,21,6,0.0,1,,247
2014-05-08,71,62,53,55,49,43,78,63,48,30.12,30.08,30.05,10,10,10,14,5,0.0,6,,271
2014-05-09,70,63,55,55,49,41,86,61,36,30.19,30.15,30.1,10,10,10,18,9,0.0,5,,309
2014-05-10,70,62,53,44,42,39,66,51,35,30.16,30.11,30.05,10,10,10,20,8,0.0,0,,300
2014-05-11,79,65,51,50,38,26,72,46,19,30.12,30.08,30.03,10,10,10,18,7,0.0,0,,317
2014-05-12,87,69,51,51,43,33,72,44,15,30.12,30.08,30.04,10,10,10,16,5,0.0,0,,344
2014-05-13,92,75,58,57,41,28,54,33,11,30.15,30.1,30.07,10,10,10,15,4,0.0,0,,336
2014-05-14,91,76,61,54,44,34,53,34,15,30.15,30.1,30.04,10,10,10,16,4,0.0,0,,343
2014-05-15,87,74,61,53,45,38,60,40,19,30.11,30.09,30.05,10,10,10,21,6,0.0,0,,349
2014-05-16,76,67,57,54,51,46,80,62,44,30.1,30.07,30.01,10,10,10,21,9,0.0,0,,352
2014-05-17,74,65,55,53,49,42,86,65,44,30.04,30.01,29.99,10,10,10,22,8,0.0,0,,353
2014-05-18,73,65,56,52,47,42,72,55,38,30.02,30.0,29.98,10,10,10,18,7,0.0,2,,301
2014-05-19,70,63,55,50,46,45,77,59,40,30.0,29.98,29.96,10,10,10,17,7,0.0,3,,281
2014-05-20,72,63,54,53,48,46,77,59,41,30.02,30.0,29.97,10,10,9,21,6,0.0,2,Rain,312
2014-05-21,75,65,55,56,51,48,86,65,43,30.0,29.97,29.91,10,10,10,23,7,0.0,1,,19
2014-05-22,73,65,57,56,52,50,80,65,49,30.05,29.98,29.95,10,10,10,18,7,0.0,3,,16
2014-05-23,72,65,57,57,54,52,86,72,57,30.06,30.02,29.96,10,10,10,21,7,0.0,3,,354
2014-05-24,71,65,58,56,53,51,86,73,59,30.02,29.99,29.96,10,10,10,21,8,0.0,0,,6
2014-05-25,81,69,56,55,52,46,80,57,33,30.0,29.97,29.93,10,10,10,22,6,0.0,0,,354
2014-05-26,82,69,55,58,49,29,83,53,22,30.05,30.01,29.99,10,10,10,23,6,0.0,0,,350
2014-05-27,74,65,55,51,46,34,83,55,27,30.08,30.04,30.0,10,10,10,22,7,0.0,0,,353
2014-05-28,78,66,53,48,41,36,67,46,24,30.09,30.03,29.96,10,10,10,20,7,0.0,0,,325
2014-05-29,83,69,54,53,46,30,80,50,19,29.97,29.94,29.9,10,10,10,22,7,0.0,0,,352
2014-05-30,70,62,53,52,49,47,89,69,48,30.0,29.96,29.92,10,10,8,22,8,0.0,2,,357
2014-05-31,73,63,53,55,49,46,80,63,46,30.0,29.97,29.92,10,10,10,15,5,0.0,2,,302
2014-06-01,76,66,56,55,53,50,80,63,46,29.94,29.89,29.81,10,10,8,15,5,0.0,2,,334
2014-06-02,73,64,54,52,50,47,86,65,44,29.93,29.89,29.85,10,10,10,17,7,0.0,3,,31
2014-06-03,72,64,56,54,51,48,86,68,49,29.96,29.92,29.88,10,10,10,16,7,0.0,3,,34
2014-06-04,76,66,56,57,54,51,86,68,49,29.92,29.89,29.84,10,10,9,15,5,0.0,2,,337
2014-06-05,75,66,57,57,55,53,86,72,57,29.88,29.85,29.81,10,9,7,17,6,0.0,2,,336
2014-06-06,74,66,57,56,54,51,86,70,53,29.86,29.84,29.81,10,10,8,16,7,0.0,2,,349
2014-06-07,75,65,54,57,54,50,86,70,53,29.87,29.84,29.79,10,10,9,15,5,0.0,3,,18
2014-06-08,88,74,59,61,57,54,84,60,36,29.84,29.79,29.72,10,9,8,17,5,0.0,0,,339
2014-06-09,82,73,63,60,58,56,78,61,43,29.77,29.74,29.7,10,10,10,20,6,0.0,0,,325
2014-06-10,74,68,61,59,57,55,84,71,57,29.84,29.78,29.73,10,10,10,17,7,0.0,2,,357
2014-06-11,76,67,58,57,54,51,80,63,46,29.92,29.87,29.83,10,10,10,20,10,0.0,0,,51
2014-06-12,72,65,58,54,49,43,72,58,44,30.01,29.97,29.92,10,10,10,22,8,0.0,3,,338
2014-06-13,77,66,54,55,48,41,71,50,29,30.01,29.97,29.94,10,10,10,21,6,0.0,0,,348
2014-06-14,86,71,56,59,52,45,80,53,26,29.96,29.91,29.86,10,10,10,25,7,0.0,0,,358
2014-06-15,73,65,56,52,48,45,77,59,41,29.89,29.85,29.83,10,10,10,23,7,0.0,0,,297
2014-06-16,69,63,56,50,45,42,77,59,40,29.95,29.93,29.88,10,10,10,21,7,0.0,0,,254
2014-06-17,78,65,52,53,47,43,77,54,30,29.97,29.94,29.91,10,10,10,21,8,0.0,0,,12
2014-06-18,88,71,54,55,49,42,78,51,24,29.97,29.94,29.92,10,10,10,22,7,0.0,0,,355
2014-06-19,75,66,56,55,53,51,86,70,53,30.02,29.99,29.96,10,10,10,24,9,0.0,0,,356
2014-06-20,84,71,57,57,51,39,80,52,23,30.01,29.98,29.95,10,10,10,21,6,0.0,0,,349
2014-06-21,71,64,56,54,52,50,80,67,53,29.97,29.94,29.92,10,10,9,18,7,0.0,0,,1
2014-06-22,71,63,54,55,51,48,83,68,53,29.98,29.95,29.92,10,10,10,21,7,0.0,0,,359
2014-06-23,74,65,56,57,52,50,86,68,49,29.99,29.96,29.93,10,10,10,20,7,0.0,2,,45
2014-06-24,79,68,57,55,52,48,84,61,38,30.03,30.0,29.98,10,10,10,22,8,0.0,0,,347
2014-06-25,76,67,58,58,56,54,87,71,54,30.02,30.0,29.99,10,10,10,22,8,0.0,0,,358
2014-06-26,75,68,61,58,55,51,90,68,46,30.02,29.99,29.96,10,10,9,22,9,0.01,3,Rain,330
2014-06-27,77,69,60,62,57,53,78,68,57,30.02,29.99,29.94,10,10,10,22,9,0.0,3,,343
2014-06-28,78,69,59,57,53,43,78,56,33,29.99,29.96,29.92,10,10,10,23,8,0.0,0,,349
2014-06-29,83,71,58,58,55,48,84,59,33,29.96,29.91,29.85,10,10,10,18,6,0.0,0,,348
2014-06-30,86,74,62,61,57,54,84,61,37,29.86,29.83,29.8,10,10,10,17,5,0.0,0,,339
2014-07-01,76,69,61,59,57,55,84,69,54,29.87,29.83,29.81,10,10,9,20,9,0.0,2,,356
2014-07-02,77,69,60,58,55,53,84,67,50,29.93,29.89,29.86,10,10,4,24,9,0.0,3,,34
2014-07-03,75,66,57,58,55,53,86,70,53,29.96,29.93,29.91,10,10,10,18,7,0.0,0,,11
2014-07-04,74,66,57,58,55,54,87,72,57,30.03,29.97,29.92,10,10,8,18,7,0.0,1,,342
2014-07-05,78,67,56,59,55,53,86,66,46,30.09,30.05,30.02,10,10,8,14,6,0.0,2,,343
2014-07-06,77,66,55,58,55,52,87,67,46,30.07,30.02,29.96,10,10,10,14,6,0.0,1,,338
2014-07-07,80,69,58,60,57,55,87,68,48,29.95,29.91,29.85,10,10,10,17,5,0.0,2,,341
2014-07-08,76,68,60,58,57,55,90,72,54,29.94,29.9,29.87,10,10,10,18,8,0.0,2,,350
2014-07-09,77,68,59,59,56,54,90,72,54,29.96,29.92,29.86,10,10,9,17,8,0.0,3,,8
2014-07-10,77,68,59,58,56,53,84,67,50,29.96,29.91,29.87,10,10,6,18,9,0.0,0,,45
2014-07-11,75,67,59,56,55,53,78,66,53,30.1,30.02,29.96,10,9,2,22,9,0.0,2,,359
2014-07-12,71,66,60,57,55,53,84,72,59,30.11,30.08,30.04,10,10,10,20,8,0.0,4,,340
2014-07-13,73,66,58,60,56,53,84,71,57,30.06,30.0,29.91,10,10,10,13,6,0.0,3,,340
2014-07-14,81,72,62,61,59,57,90,71,51,29.94,29.9,29.87,10,10,10,14,5,0.0,0,,330
2014-07-15,80,71,61,64,60,57,87,71,54,30.01,29.97,29.93,10,10,10,20,8,0.0,2,,334
2014-07-16,80,72,64,61,59,56,87,68,48,30.05,30.0,29.96,10,10,10,25,9,0.0,3,,4
2014-07-17,79,71,62,59,57,56,84,66,48,30.03,29.99,29.94,10,10,10,25,9,0.0,0,,16
2014-07-18,74,68,62,59,57,55,78,68,57,30.03,29.99,29.95,10,10,10,21,9,0.0,2,,16
2014-07-19,76,70,63,60,59,57,87,73,58,29.98,29.96,29.93,10,10,10,21,8,0.0,3,,351
2014-07-20,78,71,64,61,60,59,87,72,56,30.01,29.97,29.94,10,10,10,22,10,0.0,4,,351
2014-07-21,78,71,64,60,58,54,81,66,50,30.06,30.03,29.99,10,10,10,22,9,0.0,3,,360
2014-07-22,79,72,64,59,57,55,78,64,50,30.13,30.08,30.05,10,10,10,20,7,0.0,4,Rain,331
2014-07-23,77,70,62,62,57,54,78,66,54,30.16,30.11,30.06,10,10,10,22,7,0.0,1,,340
2014-07-24,85,73,61,61,58,55,90,65,40,30.07,29.96,29.85,10,10,10,21,7,0.0,1,,358
2014-07-25,95,79,62,61,57,43,78,48,18,29.9,29.87,29.83,10,10,10,20,5,0.0,0,,340
2014-07-26,84,74,63,62,60,57,81,64,46,29.97,29.93,29.89,10,10,8,17,6,0.0,0,,339
2014-07-27,85,74,63,62,60,57,87,65,43,30.02,29.97,29.93,10,10,10,15,7,0.0,1,,328
2014-07-28,79,70,61,61,59,57,84,70,56,30.07,30.04,30.01,10,10,10,16,5,0.0,1,,339
2014-07-29,80,72,63,61,59,58,90,69,48,30.08,30.04,29.99,10,10,10,15,7,0.0,2,,338
2014-07-30,80,72,63,62,60,59,90,72,54,30.03,29.99,29.95,10,10,8,17,6,0.0,3,,328
2014-07-31,78,70,62,61,59,57,90,73,56,30.01,29.96,29.9,10,10,9,14,5,0.0,3,,340
2014-08-01,78,70,62,62,60,58,87,72,56,29.94,29.92,29.88,10,10,9,15,6,0.0,0,,333
2014-08-02,72,67,62,59,58,57,90,78,66,29.98,29.94,29.91,10,10,9,14,7,0.0,5,,339
2014-08-03,72,67,62,58,57,55,84,73,61,29.99,29.96,29.93,10,10,10,20,8,0.0,5,,8
2014-08-04,75,69,62,59,57,55,84,71,57,30.02,29.98,29.95,10,10,10,17,7,0.0,3,,357
2014-08-05,79,71,63,60,58,57,84,69,54,30.09,30.04,30.01,10,10,10,18,6,0.0,4,,346
2014-08-06,83,73,63,64,62,59,87,67,47,30.04,30.01,29.96,10,10,8,20,6,0.0,2,Rain,342
2014-08-07,74,68,62,60,58,56,90,74,57,29.99,29.97,29.92,10,10,10,20,7,0.0,3,,357
2014-08-08,77,69,60,59,56,55,84,67,50,29.96,29.93,29.89,10,10,9,17,6,0.0,1,,8
2014-08-09,72,66,59,58,55,53,84,73,61,30.01,29.97,29.92,10,10,10,21,7,0.0,1,,15
2014-08-10,77,69,60,58,55,52,84,69,53,30.03,29.98,29.94,10,10,10,17,6,0.0,3,,345
2014-08-11,76,69,62,59,57,55,84,69,54,29.98,29.95,29.9,10,10,10,18,7,0.0,3,,357
2014-08-12,77,68,59,59,56,54,84,67,50,30.0,29.96,29.93,10,10,10,22,7,0.0,1,,356
2014-08-13,77,69,61,61,57,55,84,69,53,30.02,29.98,29.93,10,10,10,24,7,0.0,3,,350
2014-08-14,76,69,61,60,58,57,90,74,58,29.99,29.95,29.9,10,10,10,18,6,0.0,2,,346
2014-08-15,77,69,60,61,59,57,90,72,54,30.02,29.99,29.95,10,10,10,17,6,0.0,2,,341
2014-08-16,78,69,60,60,58,57,90,72,54,30.06,30.02,29.98,10,10,9,15,6,0.0,4,,343
2014-08-17,74,67,60,60,57,55,90,76,61,30.06,30.0,29.94,10,10,10,16,7,0.0,4,,350
2014-08-18,72,67,62,59,57,55,84,73,61,29.94,29.89,29.83,10,10,8,22,7,0.0,4,,357
2014-08-19,79,71,63,59,57,54,84,67,50,29.9,29.86,29.81,10,10,10,20,7,0.0,4,,39
2014-08-20,79,70,60,58,56,54,84,65,45,29.94,29.9,29.87,10,10,10,17,6,0.0,2,,13
2014-08-21,78,69,60,61,57,54,90,72,53,29.97,29.94,29.91,10,10,10,18,7,0.0,0,,354
2014-08-22,80,71,61,61,58,56,90,69,48,29.95,29.93,29.89,10,10,9,24,8,0.0,2,,347
2014-08-23,77,69,60,59,56,53,84,65,46,29.98,29.92,29.86,10,10,10,17,7,0.0,3,,358
2014-08-24,76,69,61,59,56,53,84,69,53,29.93,29.88,29.83,10,10,10,20,8,0.0,3,,28
2014-08-25,76,68,59,57,54,53,78,64,49,29.97,29.9,29.86,10,10,10,23,6,0.0,2,,349
2014-08-26,75,67,58,58,55,52,84,67,50,30.03,29.99,29.95,10,10,10,17,6,0.0,1,,9
2014-08-27,80,70,60,61,58,56,84,65,45,30.08,30.04,30.0,10,10,10,21,6,0.0,0,,344
2014-08-28,79,70,61,61,58,56,90,68,45,30.09,30.03,29.96,10,10,10,17,5,0.0,2,,350
2014-08-29,80,71,62,60,58,57,90,73,56,29.99,29.95,29.91,10,10,10,20,5,0.0,3,,350
2014-08-30,81,71,61,60,58,55,90,66,42,29.94,29.91,29.88,10,10,10,23,7,0.0,0,,344
2014-08-31,79,69,59,60,58,56,90,69,48,29.96,29.91,29.85,10,10,10,21,6,0.0,0,,356
2014-09-01,85,73,60,60,58,53,84,59,34,29.87,29.83,29.77,10,10,10,17,5,0.0,0,,342
2014-09-02,76,69,61,60,59,57,84,73,61,29.87,29.83,29.79,10,10,10,18,7,0.0,2,,359
2014-09-03,79,70,61,60,57,54,84,66,48,29.82,29.77,29.71,10,10,10,17,6,0.0,3,,33
2014-09-04,78,70,62,60,58,56,84,67,50,29.82,29.77,29.73,10,10,9,16,6,0.0,4,,25
2014-09-05,76,69,61,59,57,55,84,69,54,29.93,29.88,29.82,10,10,8,17,7,0.0,4,,34
2014-09-06,75,67,59,57,56,53,84,69,53,29.99,29.94,29.9,10,8,6,15,5,0.0,4,,351
2014-09-07,72,66,59,56,54,53,80,67,53,29.93,29.89,29.82,10,10,8,16,5,0.0,4,,339
2014-09-08,69,63,56,54,52,51,80,68,55,29.98,29.91,29.86,10,10,10,21,7,0.0,4,,341
2014-09-09,75,65,54,58,54,50,90,72,53,30.02,29.97,29.92,10,10,9,14,4,0.0,3,,337
2014-09-10,86,72,57,61,57,50,90,60,29,29.97,29.91,29.83,10,9,5,14,4,0.0,2,,336
2014-09-11,85,72,59,60,57,53,84,61,37,29.93,29.88,29.82,10,10,7,14,4,0.0,1,,314
2014-09-12,81,71,60,60,57,53,84,62,39,29.92,29.87,29.81,10,10,9,13,4,0.0,1,,319
2014-09-13,79,70,61,60,58,56,90,69,48,29.88,29.84,29.8,10,10,7,15,4,0.0,2,,327
2014-09-14,78,70,61,59,57,50,90,65,39,29.88,29.85,29.81,10,10,9,14,5,0.0,2,,336
2014-09-15,77,69,60,58,55,49,84,65,46,29.96,29.91,29.86,10,10,10,22,6,0.0,2,,347
2014-09-16,82,70,57,61,55,50,87,61,35,29.96,29.89,29.82,10,10,10,18,6,0.0,0,,357
2014-09-17,84,74,63,61,58,51,90,63,36,29.84,29.8,29.74,10,10,10,20,6,0.0,4,,28
2014-09-18,83,75,66,63,61,55,81,62,43,29.91,29.85,29.79,10,10,10,17,7,0.0,6,Rain,109
2014-09-19,75,69,62,63,61,59,93,79,64,29.94,29.91,29.86,10,10,10,20,6,0.0,3,,329
2014-09-20,77,70,63,63,60,57,87,74,60,29.96,29.93,29.9,10,10,9,20,6,0.0,4,,349
2014-09-21,74,69,64,60,58,56,78,70,61,30.04,30.0,29.94,10,10,10,21,6,0.0,5,,327
2014-09-22,78,71,63,59,57,55,78,64,50,30.07,30.02,29.97,10,10,10,18,5,0.0,4,,330
2014-09-23,78,69,60,63,58,55,84,67,50,30.03,29.99,29.93,10,10,10,20,5,0.0,2,,346
2014-09-24,80,71,62,62,59,57,84,69,54,29.99,29.94,29.88,10,10,10,21,5,0.0,3,,310
2014-09-25,73,66,59,63,59,54,100,79,57,30.04,29.98,29.92,10,7,2,17,5,0.41,6,Rain,315
2014-09-26,75,66,57,61,56,51,100,73,46,30.02,29.98,29.94,10,10,10,16,5,0.0,2,,288
2014-09-27,76,68,60,61,56,51,93,70,46,29.95,29.91,29.84,10,10,10,15,4,0.0,3,,294
2014-09-28,76,67,57,62,57,54,100,75,49,29.98,29.91,29.85,10,10,10,17,5,0.0,2,,337
2014-09-29,71,65,59,64,59,56,100,81,61,30.05,30.01,29.98,10,10,10,21,5,0.0,2,,339
2014-09-30,76,66,56,63,58,56,100,77,54,30.02,29.95,29.86,10,10,10,16,4,0.0,0,,346
2014-10-01,86,71,56,59,48,37,100,59,18,29.98,29.9,29.87,10,10,10,14,4,0.0,0,,328
2014-10-02,91,73,54,58,44,36,62,40,17,30.05,30.0,29.96,10,10,10,12,3,0.0,0,,336
2014-10-03,93,76,59,56,48,42,60,39,18,30.11,30.05,30.0,10,10,10,10,3,0.0,0,,339
2014-10-04,91,74,57,57,46,36,55,35,15,30.06,30.0,29.93,10,10,10,12,3,0.0,0,,343
2014-10-05,88,73,58,57,49,42,73,47,21,29.98,29.93,29.88,10,10,10,12,3,0.0,0,,327
2014-10-06,85,71,57,63,56,44,93,59,25,29.95,29.91,29.85,10,10,10,12,3,0.0,0,,327
2014-10-07,77,67,57,63,59,56,100,75,50,29.96,29.91,29.86,10,9,5,14,4,0.0,1,,329
2014-10-08,82,69,56,63,58,54,100,73,45,29.94,29.91,29.86,10,10,8,14,3,0.0,0,,336
2014-10-09,72,65,57,61,58,56,100,83,66,30.02,29.97,29.93,10,10,7,12,4,0.0,2,,347
2014-10-10,68,63,57,61,57,55,100,82,63,30.09,30.04,30.01,10,10,10,13,5,0.0,4,,356
2014-10-11,76,66,55,62,56,51,100,73,46,30.09,30.04,29.99,10,10,10,14,3,0.0,2,,348
2014-10-12,89,72,55,60,46,29,100,56,11,30.02,29.96,29.9,10,10,10,13,3,0.0,0,,295
2014-10-13,85,70,55,62,45,31,97,57,16,29.98,29.95,29.92,10,10,10,17,5,0.0,0,,335
2014-10-14,73,65,56,59,55,51,100,75,49,29.96,29.89,29.83,10,10,8,20,7,0.0,3,,171
2014-10-15,74,67,60,60,55,50,84,64,44,30.04,29.99,29.88,10,10,10,20,5,0.0,3,,328
2014-10-16,73,64,55,53,47,42,86,62,37,30.06,30.01,29.95,10,10,10,14,4,0.0,0,,326
2014-10-17,77,65,52,54,48,42,83,60,36,30.0,29.97,29.93,10,10,10,13,3,0.0,1,,134
2014-10-18,79,68,56,65,56,49,93,65,36,30.01,29.96,29.89,10,10,10,14,4,0.0,0,,347
2014-10-19,74,65,56,64,60,56,100,79,57,29.95,29.91,29.87,10,10,10,21,5,0.0,2,,349
2014-10-20,70,64,57,63,58,49,93,73,52,30.09,29.99,29.92,10,9,4,14,4,0.02,5,Rain,272
2014-10-21,72,62,51,54,48,43,93,64,35,30.13,30.08,30.03,10,10,10,15,4,0.0,0,,306
2014-10-22,73,62,51,60,51,46,89,65,41,30.11,30.06,30.02,10,10,10,13,4,0.0,0,,349
2014-10-23,74,66,57,63,55,50,93,69,44,30.1,30.04,29.98,10,10,10,12,3,0.0,1,,334
2014-10-24,73,64,54,59,56,54,100,77,53,29.99,29.95,29.89,10,10,10,17,6,0.0,1,,44
2014-10-25,72,65,58,61,57,51,100,75,49,30.17,30.04,29.93,10,9,2,17,7,0.1,4,Rain,203
2014-10-26,69,62,54,56,49,39,93,63,33,30.19,30.14,30.07,10,10,10,15,6,0.0,1,,292
2014-10-27,70,59,48,53,48,42,100,69,37,30.09,30.06,30.02,10,10,10,14,3,0.0,0,,330
2014-10-28,72,61,49,56,49,45,93,66,38,30.15,30.1,30.07,10,10,10,12,2,0.0,0,,330
2014-10-29,80,66,51,54,50,47,93,63,32,30.14,30.06,29.99,10,10,10,12,1,0.0,0,,180
2014-10-30,79,68,56,60,53,47,93,65,36,29.99,29.93,29.89,10,10,10,14,4,0.0,0,,7
2014-10-31,65,60,55,61,57,53,100,89,78,29.94,29.85,29.76,10,9,2,14,5,0.14,6,Rain,139
2014-11-01,64,57,50,54,49,42,100,74,48,30.06,29.92,29.77,10,10,6,13,4,0.03,3,Rain,244
2014-11-02,67,57,46,52,45,40,100,69,37,30.19,30.14,30.07,10,10,10,14,3,0.0,0,,312
2014-11-03,70,57,44,57,45,34,93,60,26,30.29,30.24,30.19,10,10,10,13,2,0.0,0,,336
2014-11-04,72,59,46,51,47,44,96,69,41,30.34,30.28,30.24,10,10,10,12,2,0.0,0,,341
2014-11-05,77,63,49,51,48,45,89,61,33,30.24,30.16,30.08,10,10,10,9,1,0.0,0,,350
2014-11-06,74,63,52,61,53,47,93,66,38,30.25,30.2,30.16,10,10,6,13,3,0.0,0,,357
2014-11-07,69,61,52,62,56,50,100,84,68,30.25,30.19,30.12,10,6,0,10,3,0.01,3,Fog,350
2014-11-08,74,62,50,59,53,50,100,75,49,30.15,30.09,30.02,10,9,2,7,2,0.0,1,,331
2014-11-09,75,63,51,60,54,48,100,72,44,30.04,29.95,29.84,10,9,1,12,2,0.0,1,,325
2014-11-10,69,60,51,61,55,51,100,82,63,29.87,29.83,29.81,10,6,0,13,3,0.01,4,Fog,312
2014-11-11,69,60,51,56,49,46,93,69,44,30.0,29.93,29.88,10,10,10,12,1,0.0,5,,312
2014-11-12,67,62,57,49,46,44,72,59,45,30.05,30.01,29.97,10,10,4,10,3,0.03,6,Rain,65
2014-11-13,67,61,55,61,57,54,100,84,68,30.1,30.02,29.96,10,9,2,16,6,0.1,5,Rain,145
2014-11-14,66,59,51,57,52,48,100,78,56,30.13,30.11,30.08,10,10,10,13,3,0.0,2,,331
2014-11-15,66,57,48,55,49,46,93,73,52,30.2,30.15,30.11,10,10,10,14,3,0.0,2,,356
2014-11-16,65,57,49,51,33,16,93,54,15,30.27,30.24,30.2,10,10,10,18,5,0.01,0,,338
2014-11-17,67,56,45,43,36,29,76,51,26,30.26,30.19,30.12,10,10,10,12,2,0.0,0,,348
2014-11-18,66,56,45,45,41,32,80,56,32,30.16,30.11,30.06,10,10,10,9,2,0.0,0,,299
2014-11-19,68,61,53,58,49,30,100,66,31,30.15,30.08,30.02,10,9,5,18,6,0.06,6,Rain,150
2014-11-20,61,56,51,57,55,51,100,89,78,30.14,30.08,30.0,10,9,2,13,2,0.14,5,Rain,136
2014-11-21,64,56,48,54,51,46,100,76,52,30.15,30.11,30.05,10,10,4,8,2,0.0,5,,349
2014-11-22,68,61,53,60,54,48,90,77,63,30.27,30.14,30.09,10,10,10,16,7,0.01,5,,152
2014-11-23,66,56,45,50,44,38,96,67,37,30.35,30.31,30.26,10,10,10,10,3,0.0,0,,296
2014-11-24,68,55,42,48,40,34,92,61,29,30.43,30.38,30.34,10,10,10,9,3,0.0,0,,304
2014-11-25,67,55,43,50,42,34,86,60,34,30.48,30.41,30.35,10,10,9,7,1,0.0,0,,331
2014-11-26,70,57,43,50,45,42,93,65,37,30.34,30.27,30.22,10,9,6,9,1,0.0,0,,345
2014-11-27,69,57,45,52,47,43,93,68,42,30.21,30.14,30.07,10,9,5,6,1,0.0,0,,352
2014-11-28,65,54,43,53,47,41,100,72,44,30.08,30.0,29.88,10,6,0,12,3,0.0,5,Fog,224
2014-11-29,63,58,53,58,54,50,100,89,78,29.88,29.84,29.77,10,9,5,13,6,0.34,6,Rain,140
2014-11-30,63,58,52,58,54,46,100,84,67,30.04,29.88,29.76,10,8,2,10,3,0.47,5,Rain,149
2014-12-01,69,62,54,63,56,53,100,82,63,30.13,30.04,29.96,10,8,1,12,3,0.12,3,Rain,135
2014-12-02,63,59,54,59,56,53,100,92,84,29.94,29.8,29.68,10,6,1,15,6,1.25,8,Rain,123
2014-12-03,64,61,58,61,58,56,97,91,84,29.91,29.78,29.72,10,6,1,22,9,1.85,7,Rain,132
2014-12-04,68,62,56,59,56,54,100,80,59,30.04,29.96,29.9,10,10,9,12,4,0.01,4,Rain,150
2014-12-05,66,60,54,61,57,54,100,87,73,30.1,30.04,30.0,10,10,9,13,5,0.02,5,Rain,144
2014-12-06,69,64,58,60,57,54,100,79,57,30.24,30.19,30.1,10,9,2,13,4,0.22,5,Rain,143
2014-12-07,63,58,52,58,55,51,100,89,78,30.23,30.19,30.15,10,7,1,10,2,0.01,3,,126
2014-12-08,71,61,50,58,54,49,100,77,53,30.19,30.17,30.12,10,10,10,12,2,0.01,1,,6
2014-12-09,64,59,53,58,56,53,100,89,78,30.22,30.15,30.09,10,9,7,9,2,0.0,3,,321
2014-12-10,66,61,55,57,55,51,100,82,63,30.09,29.95,29.76,10,9,5,22,7,0.01,3,,147
2014-12-11,65,58,51,58,53,49,100,78,56,29.75,29.65,29.57,10,5,1,23,7,3.36,8,Rain,83
2014-12-12,57,53,49,52,49,47,96,84,72,30.11,29.87,29.67,10,9,5,6,1,0.18,6,Rain,125
2014-12-13,57,50,42,50,46,42,100,86,72,30.25,30.19,30.11,10,9,2,8,2,0.02,2,Rain,333
2014-12-14,61,53,44,48,44,43,93,74,55,30.16,30.07,30.0,10,10,6,14,4,0.07,3,Rain,129
2014-12-15,56,53,50,52,49,47,96,84,72,29.99,29.91,29.84,10,9,4,21,10,0.71,6,Rain,129
2014-12-16,62,56,50,52,49,46,93,75,56,29.98,29.93,29.84,10,10,6,16,7,0.33,5,Rain,145
2014-12-17,58,53,48,52,48,45,100,84,67,30.11,30.05,29.97,10,10,8,14,5,0.16,6,Rain,139
2014-12-18,63,58,52,49,48,46,89,75,60,30.2,30.15,30.08,10,10,10,16,7,0.0,5,,142
2014-12-19,59,56,53,54,52,48,93,83,72,30.19,30.16,30.13,10,10,5,20,8,0.13,8,Rain,131
2014-12-20,61,58,55,56,53,51,93,83,72,30.27,30.2,30.14,10,8,3,7,1,0.01,8,,75
2014-12-21,65,61,56,58,55,52,93,83,72,30.34,30.3,30.26,10,10,7,14,4,0.0,7,,352
2014-12-22,64,58,52,57,55,50,93,80,67,30.31,30.26,30.2,10,7,0,12,2,0.0,5,Fog,332
2014-12-23,69,59,49,53,49,47,96,73,49,30.24,30.18,30.14,10,10,10,10,3,0.0,0,,307
2014-12-24,62,55,48,54,48,37,100,82,63,30.14,30.07,29.98,10,6,0,21,5,0.06,5,Fog-Rain,291
2014-12-25,57,51,44,40,36,33,71,56,40,30.17,30.12,30.07,10,10,10,18,8,0.0,0,,303
2014-12-26,59,50,40,38,32,28,76,55,33,30.29,30.2,30.12,10,10,10,15,4,0.0,0,,307
2014-12-27,55,45,35,37,33,30,82,60,38,30.4,30.35,30.3,10,10,10,7,1,0.0,0,,2
2014-12-28,58,48,38,41,39,34,92,72,51,30.38,30.3,30.26,10,10,10,9,2,0.0,2,,330
2014-12-29,56,49,41,43,40,36,89,74,59,30.25,30.19,30.13,10,10,10,14,3,0.0,2,,337
2014-12-30,55,46,37,37,26,14,85,55,24,30.26,30.18,30.13,10,10,10,31,12,0.0,0,,351
2014-12-31,57,47,37,23,15,8,54,35,15,30.29,30.19,30.09,10,10,10,23,5,0.0,0,,335
2015-01-01,54,43,32,28,24,16,64,45,26,30.19,30.14,30.09,10,10,10,14,2,0.0,0,,311
2015-01-02,53,43,32,35,29,25,75,57,38,30.25,30.19,30.14,10,10,9,8,2,0.0,0,,337
2015-01-03,55,43,31,36,32,28,82,62,41,30.34,30.27,30.21,10,9,8,9,1,0.0,0,,349
2015-01-04,56,46,36,40,36,32,92,70,47,30.44,30.39,30.34,9,8,6,9,2,0.0,0,Rain,348
2015-01-05,60,49,38,40,37,34,85,65,44,30.41,30.33,30.25,10,8,6,12,2,0.0,0,,326
2015-01-06,63,52,41,42,39,36,82,64,46,30.3,30.23,30.18,10,8,6,8,1,0.0,0,,338
2015-01-07,67,53,39,44,41,37,86,63,40,30.25,30.16,30.09,10,10,8,6,1,0.0,0,,346
2015-01-08,59,52,44,46,44,40,86,74,62,30.12,30.06,30.02,10,9,7,7,1,0.0,0,,348
2015-01-09,65,56,47,50,46,44,93,71,48,30.05,30.02,29.98,10,8,5,8,1,0.0,0,,335
2015-01-10,60,53,46,50,47,45,93,79,64,30.06,30.01,29.97,10,7,5,8,2,0.0,2,,301
2015-01-11,56,49,42,49,46,39,100,89,77,30.2,30.11,30.03,10,4,0,9,1,0.0,4,Fog,346
2015-01-12,60,51,41,49,45,39,96,80,64,30.29,30.23,30.21,10,9,7,10,1,0.01,0,,343
2015-01-13,64,53,41,48,42,37,100,70,39,30.24,30.19,30.12,10,6,0,22,3,0.0,1,Fog-Rain,9
2015-01-14,63,50,37,46,40,33,85,66,47,30.31,30.23,30.18,10,9,6,8,2,0.0,0,,339
2015-01-15,62,51,39,48,44,38,89,70,51,30.35,30.29,30.25,9,6,4,12,2,0.0,0,,337
2015-01-16,64,54,44,51,47,43,93,75,56,30.32,30.27,30.23,10,6,4,8,2,0.0,4,,314
2015-01-17,61,54,47,51,48,45,93,81,69,30.31,30.27,30.21,10,6,2,8,2,0.0,3,,306
2015-01-18,61,55,48,53,50,46,93,86,78,30.35,30.29,30.27,10,6,2,10,1,0.0,3,,358
2015-01-19,61,54,46,54,51,44,100,82,64,30.31,30.26,30.19,10,7,0,9,3,0.0,6,Fog,332
2015-01-20,62,54,45,49,46,40,100,75,49,30.19,30.14,30.07,10,7,0,7,2,0.0,4,Fog,314
2015-01-21,62,52,42,45,40,38,89,68,46,30.2,30.15,30.1,10,10,9,12,3,0.0,0,,325
2015-01-22,58,50,41,43,40,36,83,70,57,30.37,30.29,30.21,10,10,8,12,3,0.0,0,,347
2015-01-23,68,54,40,43,40,37,89,62,34,30.38,30.32,30.25,10,10,7,9,3,0.0,0,,321
2015-01-24,70,59,48,46,40,33,77,52,26,30.25,30.19,30.11,10,10,10,16,5,0.0,0,,325
2015-01-25,65,55,44,45,42,40,89,65,40,30.16,30.1,30.02,10,10,8,9,3,0.0,0,,308
2015-01-26,66,54,42,46,42,37,83,64,44,30.06,30.02,29.97,10,10,10,8,1,0.0,0,,8
2015-01-27,69,60,50,48,44,41,77,57,37,30.27,30.18,30.04,10,10,10,14,5,0.0,5,,48
2015-01-28,67,56,44,50,45,42,92,69,45,30.29,30.23,30.17,10,10,7,8,2,0.0,0,,336
2015-01-29,67,56,45,51,47,42,96,74,52,30.18,30.14,30.08,10,8,1,12,2,0.0,3,,5
2015-01-30,64,56,48,51,48,45,93,77,60,30.07,30.01,29.91,10,8,5,13,2,0.0,3,,346
2015-01-31,73,59,45,45,34,25,93,55,16,30.07,29.99,29.93,10,10,10,9,2,0.0,0,,286
2015-02-01,66,53,40,47,40,31,83,59,34,30.18,30.14,30.07,10,10,10,12,1,0.0,0,,345
2015-02-02,69,57,44,48,45,40,82,66,49,30.21,30.15,30.09,10,9,6,9,2,0.0,0,,340
2015-02-03,71,60,48,51,48,44,86,67,47,30.14,30.1,30.06,10,8,4,10,1,0.0,0,,347
2015-02-04,65,56,47,53,49,44,93,78,63,30.1,30.06,30.03,10,9,5,12,2,0.0,0,,328
2015-02-05,65,57,49,50,47,45,89,72,55,30.07,29.99,29.92,10,10,9,17,6,0.0,0,,162
2015-02-06,64,62,59,58,54,43,90,71,51,29.95,29.88,29.84,10,7,2,26,14,1.3,6,Rain,143
2015-02-07,69,64,58,61,57,54,90,79,68,30.09,30.04,29.97,10,7,1,15,5,0.37,6,Rain,142
2015-02-08,66,62,57,62,55,49,93,78,63,30.09,29.97,29.91,10,8,2,20,9,0.72,6,Rain,157
2015-02-09,67,60,52,54,50,46,86,69,52,30.28,30.22,30.08,10,10,10,16,5,0.0,3,,266
2015-02-10,64,55,45,47,45,42,93,72,51,30.24,30.18,30.1,10,10,10,17,3,0.01,0,,323
2015-02-11,68,56,43,49,45,41,89,67,45,30.2,30.16,30.12,10,10,10,9,2,0.0,0,,317
2015-02-12,73,60,47,53,49,45,86,65,44,30.23,30.18,30.14,10,10,10,9,2,0.0,0,,346
2015-02-13,75,62,48,55,49,45,89,68,46,30.18,30.12,30.07,10,10,10,10,1,0.0,0,,351
2015-02-14,72,60,47,55,50,44,93,73,53,30.14,30.08,30.04,10,10,10,9,2,0.0,0,,347
2015-02-15,75,60,45,54,45,41,82,57,31,30.07,30.03,29.98,10,10,10,8,2,0.0,0,,351
2015-02-16,72,60,47,54,48,41,93,67,41,30.06,30.01,29.96,10,9,6,13,4,0.0,1,,354
2015-02-17,57,56,54,53,51,47,89,83,77,30.2,30.14,30.06,10,7,4,9,4,0.0,8,,353
2015-02-18,64,58,52,52,49,46,93,78,63,30.25,30.19,30.13,10,10,10,10,2,0.0,4,,349
2015-02-19,64,58,52,52,51,50,93,78,63,30.18,30.13,30.06,10,8,3,9,2,0.0,5,,11
2015-02-20,71,62,52,54,50,46,93,69,44,30.1,30.03,29.95,10,8,3,10,2,0.0,3,,351
2015-02-21,71,59,46,50,46,39,86,60,33,29.99,29.92,29.85,10,10,10,15,3,0.0,1,,3
2015-02-22,66,57,48,49,38,24,86,56,26,29.91,29.87,29.84,10,10,8,20,7,0.0,1,,3
2015-02-23,62,54,46,30,24,19,46,35,23,30.25,30.08,29.91,10,10,10,23,9,0.0,0,,11
2015-02-24,67,53,38,44,31,18,70,43,16,30.38,30.32,30.27,10,10,10,13,3,0.0,0,,343
2015-02-25,66,53,39,50,42,32,83,60,37,30.32,30.22,30.11,10,10,10,17,4,0.0,0,,1
2015-02-26,69,57,45,52,46,42,93,69,45,30.11,30.03,29.94,10,10,10,17,4,0.0,0,,348
2015-02-27,63,58,52,50,46,41,83,67,51,29.94,29.86,29.78,10,10,10,17,8,0.0,3,,294
2015-02-28,61,53,45,46,44,39,86,70,53,29.94,29.82,29.76,10,10,7,16,3,0.05,3,Rain,264
2015-03-01,64,52,40,46,40,36,100,68,36,30.02,29.97,29.92,10,10,10,13,4,0.0,0,,340
2015-03-02,61,52,42,45,41,37,83,65,46,30.01,29.88,29.82,10,10,10,12,4,0.05,2,Rain,191
2015-03-03,64,53,41,49,44,39,89,69,48,30.08,30.03,29.98,10,10,10,15,4,0.0,0,,351
2015-03-04,67,55,43,46,39,32,89,59,28,30.25,30.15,30.06,10,10,10,8,3,0.0,0,,5
2015-03-05,71,57,43,45,39,37,76,54,31,30.36,30.3,30.25,10,10,10,9,3,0.0,0,,333
2015-03-06,73,58,42,49,42,37,76,56,35,30.32,30.24,30.16,10,10,10,12,3,0.0,0,,1
2015-03-07,74,59,44,51,43,36,77,55,33,30.15,30.09,30.01,10,10,10,10,3,0.0,0,,338
2015-03-08,68,60,51,52,49,46,89,69,48,30.14,30.07,30.0,10,9,6,13,5,0.0,3,,339
2015-03-09,69,60,51,53,50,48,89,72,55,30.09,30.02,29.94,10,10,7,10,3,0.0,3,,350
2015-03-10,67,59,51,54,52,48,93,80,67,30.03,29.96,29.93,10,8,3,17,4,0.0,3,,347
2015-03-11,70,62,54,54,52,46,93,69,45,30.27,30.13,30.02,10,9,4,20,6,0.08,6,Rain,6
2015-03-12,73,62,51,53,50,46,89,69,49,30.3,30.23,30.15,10,10,10,14,4,0.0,2,,305
2015-03-13,76,63,50,55,51,48,86,62,38,30.2,30.15,30.08,10,10,10,14,3,0.0,0,,342
2015-03-14,83,69,54,59,53,40,86,60,33,30.14,30.06,29.97,10,10,10,12,3,0.0,0,,5
2015-03-15,74,66,57,53,43,37,58,45,31,30.1,30.04,30.0,10,10,10,23,7,0.0,0,,11
2015-03-16,72,63,53,52,46,40,69,57,44,30.07,30.04,30.01,10,10,10,14,3,0.0,0,,334
2015-03-17,68,60,52,53,48,42,86,64,42,30.16,30.1,30.05,10,10,10,18,7,0.0,0,,334
2015-03-18,71,60,48,52,47,42,80,60,40,30.1,30.06,30.01,10,10,10,18,5,0.0,0,,345
2015-03-19,78,64,49,53,48,39,83,55,27,30.09,30.06,30.0,10,10,10,15,4,0.0,0,,344
2015-03-20,70,60,49,50,46,41,80,58,36,30.19,30.12,30.06,10,10,10,18,4,0.0,0,,348
2015-03-21,71,61,50,54,50,43,86,67,47,30.2,30.16,30.11,10,10,10,17,5,0.0,2,,340
2015-03-22,69,62,55,55,50,45,86,67,48,30.22,30.17,30.14,10,10,5,18,6,0.03,5,Rain,205
2015-03-23,65,59,53,52,47,37,93,69,44,30.33,30.27,30.22,10,10,10,24,7,0.0,3,Rain,328
2015-03-24,67,59,50,53,48,42,77,68,58,30.33,30.29,30.24,10,10,10,17,7,0.0,2,,341
2015-03-25,74,62,50,54,50,47,89,65,41,30.27,30.22,30.16,10,10,10,15,5,0.0,0,,333
2015-03-26,84,68,52,58,52,47,89,61,33,30.19,30.13,30.06,10,10,10,12,3,0.0,0,,355
2015-03-27,67,61,55,56,53,48,93,81,68,30.2,30.15,30.1,10,10,10,20,7,0.0,0,,336
2015-03-28,78,64,50,53,49,45,89,61,32,30.21,30.15,30.08,10,10,10,16,5,0.0,0,,346
2015-03-29,77,62,47,54,50,45,83,60,36,30.14,30.09,30.02,10,10,10,17,3,0.0,0,,342
2015-03-30,67,59,51,54,49,44,83,64,45,30.12,30.07,30.03,10,10,10,23,6,0.0,0,,343
2015-03-31,68,59,50,50,43,37,77,57,37,30.21,30.17,30.12,10,10,10,18,8,0.0,1,,311
2015-04-01,66,57,47,41,37,32,61,48,34,30.22,30.16,30.11,10,10,10,21,7,0.0,0,,304
2015-04-02,70,58,45,41,33,25,71,46,20,30.22,30.18,30.14,10,10,10,16,5,0.0,0,,315
2015-04-03,69,57,44,48,36,26,66,46,25,30.24,30.18,30.12,10,10,10,20,5,0.0,0,,344
2015-04-04,67,55,43,44,37,33,71,51,31,30.14,30.07,30.01,10,10,10,23,7,0.0,0,,325
2015-04-05,62,53,44,46,39,35,76,58,39,30.01,29.95,29.92,10,10,7,18,5,0.03,2,Rain,246
2015-04-06,63,52,41,43,37,33,76,55,34,30.0,29.95,29.88,10,10,10,15,7,0.0,1,,153
2015-04-07,61,55,48,50,43,37,93,68,42,30.09,29.92,29.81,10,8,2,18,7,0.57,4,Rain,216
2015-04-08,64,56,48,44,42,39,66,55,43,30.2,30.14,30.09,10,10,10,15,5,0.0,3,,313
2015-04-09,69,57,45,46,41,35,82,57,32,30.11,30.03,29.95,10,10,10,15,4,0.0,0,,344
2015-04-10,68,58,47,47,43,36,80,61,42,30.09,30.04,30.0,10,10,10,17,6,0.0,0,,352
2015-04-11,72,60,47,50,44,36,83,61,38,30.11,30.07,30.03,10,10,10,20,5,0.0,0,,341
2015-04-12,76,62,48,52,47,44,83,58,33,30.07,30.03,29.96,10,10,10,15,5,0.0,0,,350
2015-04-13,67,60,52,50,47,39,83,63,42,30.19,30.1,30.03,10,10,10,24,8,0.0,2,,334
2015-04-14,65,57,48,45,34,26,66,45,24,30.36,30.28,30.19,10,10,10,17,9,0.0,0,,309
2015-04-15,73,61,49,43,36,31,66,44,22,30.25,30.13,30.02,10,10,10,15,5,0.0,0,,311
2015-04-16,80,66,51,42,33,26,50,33,16,30.09,30.03,29.97,10,10,10,13,5,0.0,0,,337
2015-04-17,75,63,51,51,43,33,83,52,21,30.11,30.07,30.02,10,10,10,16,6,0.0,0,,339
2015-04-18,71,62,53,54,50,46,86,67,47,30.08,30.02,29.94,10,9,6,16,5,0.0,2,,334
2015-04-19,67,60,52,54,51,47,93,76,58,30.0,29.95,29.9,10,10,8,18,7,0.0,4,,2
2015-04-20,65,60,54,52,51,48,86,75,63,29.92,29.89,29.85,10,10,10,18,7,0.0,4,,6
2015-04-21,67,61,54,50,47,46,83,68,52,29.93,29.89,29.86,10,10,10,17,5,0.0,6,,277
2015-04-22,70,60,50,52,48,45,83,68,52,29.92,29.88,29.86,10,10,10,18,6,0.0,2,,45
2015-04-23,70,62,53,51,47,42,77,63,48,29.94,29.89,29.85,10,10,10,18,6,0.0,4,,92
2015-04-24,67,59,50,49,42,34,77,56,34,30.05,30.01,29.94,10,10,10,17,7,0.0,2,,272
2015-04-25,64,58,52,54,48,38,93,71,48,30.1,29.99,29.91,10,10,5,18,7,0.28,4,Rain,301
2015-04-26,72,60,48,50,43,35,80,57,33,30.18,30.12,30.08,10,10,10,20,7,0.0,0,,350
2015-04-27,85,69,52,57,50,47,86,58,29,30.08,30.02,29.94,10,10,10,20,7,0.0,0,,350
2015-04-28,75,65,54,53,51,49,93,70,47,30.08,30.05,30.02,10,10,10,21,8,0.0,3,,10
2015-04-29,84,70,55,53,51,49,77,55,32,30.05,30.0,29.92,10,10,9,16,6,0.0,1,,9
2015-04-30,99,74,57,51,46,40,72,44,15,29.91,29.85,29.78,10,10,9,10,4,0.0,0,,338
2015-05-01,76,69,55,53,51,45,85,60,41,29.94,29.87,29.83,10,10,10,16,6,0.0,0,,340
2015-05-02,67,62,52,50,47,50,89,71,55,29.92,29.89,29.84,10,10,9,14,7,0.0,3,,356
2015-05-03,70,62,48,49,40,43,83,68,46,29.94,29.9,29.87,10,10,10,17,7,0.0,2,,23
2015-05-04,64,58,53,48,45,44,71,62,52,30.01,29.98,29.94,10,10,10,17,7,0.0,4,,313
2015-05-05,68,59,50,48,43,40,80,60,40,30.0,29.96,29.92,10,10,10,17,6,0.0,0,,257
2015-05-06,70,59,48,51,44,38,86,62,37,29.95,29.88,29.82,10,10,10,22,7,0.0,1,,298
2015-05-07,62,56,49,48,45,38,86,65,44,29.83,29.79,29.76,10,10,6,12,4,0.04,3,Rain,147
2015-05-08,71,60,49,52,48,45,83,64,45,30.05,29.9,29.78,10,10,10,20,8,0.0,1,,12
2015-05-09,66,59,52,52,49,47,83,72,60,30.13,30.09,30.05,10,10,10,20,7,0.0,4,,344
2015-05-10,66,60,53,51,49,46,83,72,60,30.11,30.06,30.01,10,10,10,20,7,0.0,3,,352
2015-05-11,64,56,48,48,45,42,83,68,52,30.01,29.98,29.93,10,10,10,18,6,0.0,0,,258
2015-05-12,65,57,48,42,39,35,71,54,36,30.01,29.97,29.92,10,10,10,18,7,0.0,0,,290
2015-05-13,67,59,50,47,43,39,72,56,40,30.0,29.96,29.91,10,10,10,21,6,0.0,2,,296
2015-05-14,67,60,52,53,49,44,86,67,48,29.91,29.84,29.81,10,8,1,15,4,0.6,6,Rain,64
2015-05-15,67,58,49,50,47,45,93,71,48,30.0,29.94,29.87,10,10,10,22,6,0.0,4,,313
2015-05-16,66,59,52,48,47,46,83,68,52,30.06,30.02,29.98,10,10,10,16,6,0.0,4,,264
2015-05-17,65,60,55,49,47,45,72,62,52,30.09,30.06,30.03,10,10,10,16,6,0.0,5,,300
2015-05-18,63,59,54,49,48,46,83,72,60,30.15,30.1,30.07,10,10,10,13,6,0.0,8,,295
2015-05-19,66,60,54,52,49,46,89,71,52,30.14,30.08,30.02,10,10,9,18,5,0.0,6,,306
2015-05-20,66,61,55,49,48,46,77,67,56,30.02,29.98,29.95,10,10,10,15,6,0.0,7,,276
2015-05-21,67,61,55,53,50,48,80,66,52,30.0,29.96,29.94,10,10,10,16,6,0.0,7,,301
2015-05-22,68,61,54,54,51,49,86,71,56,30.11,30.04,29.99,10,10,7,17,6,0.0,7,Rain,297
2015-05-23,66,60,54,50,48,46,77,67,56,30.13,30.09,30.06,10,10,10,16,7,0.0,4,,262
2015-05-24,68,60,51,53,50,46,83,71,58,30.07,30.02,29.98,10,10,10,23,8,0.0,1,,338
2015-05-25,66,61,55,53,50,48,83,71,58,30.01,29.98,29.95,10,10,10,23,9,0.0,4,,323
2015-05-26,68,62,55,53,50,48,83,71,58,30.04,30.01,29.97,10,10,10,23,7,0.0,4,,335
2015-05-27,69,62,55,53,51,48,86,71,55,30.05,30.03,30.01,10,10,10,22,8,0.0,4,,345
2015-05-28,66,60,54,54,52,49,93,78,63,30.07,30.04,29.99,10,10,10,18,8,0.0,5,,351
2015-05-29,65,60,55,54,52,50,93,80,67,30.02,29.99,29.95,10,10,10,18,8,0.0,4,,360
2015-05-30,69,62,54,56,53,51,86,75,63,29.99,29.96,29.91,10,10,10,20,8,0.0,5,,4
2015-05-31,68,62,55,54,51,47,86,72,58,30.0,29.94,29.92,10,10,10,22,8,0.0,4,,351
2015-06-01,75,66,56,55,52,48,78,64,49,30.08,30.03,29.98,10,10,9,20,9,0.0,5,,278
2015-06-02,70,64,57,56,52,47,86,68,49,30.1,30.05,29.99,10,10,10,23,8,0.0,2,,343
2015-06-03,71,62,53,51,49,48,80,64,47,29.99,29.96,29.91,10,10,10,17,6,0.0,1,,257
2015-06-04,75,64,52,56,51,47,86,66,46,29.9,29.85,29.81,10,10,10,17,6,0.0,0,,12
2015-06-05,74,64,53,57,54,50,89,71,53,29.87,29.83,29.8,10,10,10,17,7,0.0,0,,357
2015-06-06,74,66,57,58,55,52,90,72,53,29.94,29.89,29.86,10,10,10,17,8,0.0,3,,8
2015-06-07,79,70,60,60,57,56,90,70,50,29.94,29.9,29.84,10,10,10,15,5,0.0,3,,348
2015-06-08,91,76,61,63,59,55,84,59,34,29.89,29.84,29.75,10,10,10,15,6,0.0,0,,348
2015-06-09,81,71,61,61,58,56,90,69,48,29.93,29.88,29.84,10,10,10,23,6,0.0,1,,336
2015-06-10,72,67,62,66,62,59,87,80,73,29.95,29.91,29.88,10,10,6,14,4,0.1,6,Rain,329
2015-06-11,78,69,60,63,60,57,100,78,56,29.93,29.88,29.82,10,7,2,18,6,0.01,5,,339
2015-06-12,81,71,60,61,58,57,90,68,45,29.86,29.82,29.76,10,10,8,15,5,0.0,1,,343
2015-06-13,80,70,59,61,59,55,90,72,54,29.8,29.78,29.74,10,8,6,18,7,0.0,2,,354
2015-06-14,72,64,56,56,54,50,87,74,61,29.88,29.82,29.77,10,10,8,21,8,0.0,2,,17
2015-06-15,68,62,55,55,52,50,86,75,63,29.98,29.91,29.86,10,10,8,18,8,0.0,4,,13
2015-06-16,72,64,55,55,53,50,86,72,57,29.98,29.96,29.93,10,10,10,15,7,0.0,2,,8
2015-06-17,76,65,54,57,54,52,93,73,53,29.97,29.94,29.91,10,10,9,16,6,0.0,2,,354
2015-06-18,73,65,56,55,52,49,86,65,44,30.04,30.0,29.95,10,10,9,21,7,0.0,0,,3
2015-06-19,75,65,54,55,52,49,89,68,46,30.03,29.99,29.96,10,10,10,20,7,0.0,0,,3
2015-06-20,75,66,56,58,55,51,86,70,53,29.95,29.91,29.88,10,10,10,16,6,0.0,0,,343
2015-06-21,70,63,56,57,53,49,93,72,51,30.05,30.0,29.9,10,10,10,21,9,0.0,3,,360
2015-06-22,68,62,55,55,53,50,86,75,63,30.08,30.05,30.02,10,10,10,22,8,0.0,1,,16
2015-06-23,75,65,55,56,52,44,83,62,40,30.04,30.0,29.95,10,10,10,22,7,0.0,0,,359
2015-06-24,77,66,54,57,54,49,86,66,46,29.98,29.94,29.89,10,10,10,17,7,0.0,1,,10
2015-06-25,87,74,60,59,56,53,78,55,32,29.93,29.9,29.86,10,10,10,14,5,0.0,0,,333
2015-06-26,81,71,60,60,58,55,84,68,52,29.98,29.93,29.9,10,10,10,17,7,0.0,0,,342
2015-06-27,79,69,59,60,57,53,87,70,53,30.02,29.99,29.96,10,10,10,18,8,0.0,2,,9
2015-06-28,74,68,62,59,58,57,84,71,57,30.03,30.0,29.97,10,10,10,21,10,0.0,3,,360
2015-06-29,77,68,59,59,57,54,84,69,53,30.04,29.99,29.93,10,10,10,16,8,0.0,3,,346
2015-06-30,89,75,61,60,57,53,90,61,32,29.94,29.89,29.81,10,10,10,13,5,0.0,1,,340
2015-07-01,82,73,63,63,60,57,90,70,49,29.93,29.89,29.84,10,10,10,16,5,0.0,0,Rain,341
2015-07-02,78,71,64,61,60,59,87,71,54,29.99,29.95,29.92,10,10,10,16,7,0.0,0,Rain,337
2015-07-03,78,70,62,62,60,59,93,74,54,29.97,29.93,29.87,10,10,10,21,8,0.0,3,,350
2015-07-04,76,70,63,62,60,59,90,75,60,29.91,29.88,29.84,10,10,10,20,7,0.0,4,,359
2015-07-05,78,70,61,61,58,56,90,72,54,30.02,29.95,29.9,10,10,9,22,9,0.0,3,,39
2015-07-06,77,70,63,59,57,55,84,69,54,30.1,30.06,30.02,10,10,10,23,9,0.0,3,,351
2015-07-07,78,69,60,60,57,53,84,66,47,30.06,30.0,29.92,10,10,10,25,8,0.0,3,,336
2015-07-08,74,67,59,57,54,53,84,69,53,29.93,29.89,29.83,10,10,10,22,7,0.0,3,,319
2015-07-09,71,66,61,58,55,53,78,70,61,29.92,29.89,29.85,10,10,10,16,6,0.0,8,Rain,299
2015-07-10,73,68,62,57,55,54,84,71,57,29.98,29.94,29.9,10,10,10,20,7,0.0,4,,336
2015-07-11,77,67,57,57,54,52,80,64,47,30.02,29.99,29.95,10,10,10,24,7,0.0,1,,349
2015-07-12,76,69,62,57,54,52,73,62,50,30.06,30.04,30.01,10,10,10,26,8,0.0,0,,341
2015-07-13,78,68,58,61,56,53,84,66,48,30.06,30.01,29.95,10,10,10,23,8,0.0,1,,342
2015-07-14,74,67,59,57,56,55,84,69,53,29.96,29.93,29.89,10,10,10,22,8,0.0,1,,344
2015-07-15,81,70,59,62,57,53,84,65,45,29.92,29.89,29.86,10,10,10,16,6,0.0,1,,349
2015-07-16,81,70,59,61,58,55,87,69,51,29.94,29.91,29.86,10,10,10,18,7,0.0,2,,21
2015-07-17,79,71,62,61,59,57,90,71,52,29.89,29.85,29.79,10,10,10,16,7,0.0,2,,356
2015-07-18,79,70,61,59,57,55,84,67,50,30.02,29.92,29.85,10,10,10,22,9,0.0,3,,17
2015-07-19,89,77,65,64,59,57,78,59,40,30.08,30.04,30.01,10,10,10,18,6,0.0,2,,3
2015-07-20,86,76,65,65,61,57,81,63,44,30.05,30.0,29.94,10,10,10,23,9,0.0,0,,8
2015-07-21,75,69,63,60,59,57,84,73,61,29.96,29.92,29.87,10,10,10,21,9,0.0,2,,4
2015-07-22,74,67,60,57,55,50,90,70,49,29.94,29.88,29.85,10,10,10,25,8,0.0,0,,4
2015-07-23,74,66,57,56,53,50,80,65,49,30.08,30.01,29.94,10,10,10,20,8,0.0,2,,342
2015-07-24,75,66,56,57,52,48,77,62,46,30.14,30.11,30.07,10,10,10,23,8,0.0,0,,346
2015-07-25,72,66,59,59,57,52,87,77,66,30.12,30.07,30.01,10,10,10,23,8,0.0,1,,2
2015-07-26,79,69,59,59,55,51,87,63,39,30.0,29.96,29.93,10,10,10,22,7,0.0,2,,358
2015-07-27,85,72,59,61,56,51,78,57,36,29.98,29.93,29.88,10,10,10,23,7,0.0,0,,346
2015-07-28,92,76,60,60,57,54,78,55,32,29.91,29.88,29.83,10,10,1,17,4,0.0,0,,345
2015-07-29,85,75,64,63,58,53,87,64,40,29.98,29.92,29.88,10,10,9,16,6,0.0,0,,341
2015-07-30,78,71,64,64,61,60,87,73,58,30.06,30.01,29.97,10,10,9,15,8,0.0,3,,350
2015-07-31,76,70,64,62,60,58,87,76,64,30.05,30.02,29.97,10,10,10,21,8,0.0,3,,2
2015-08-01,77,71,64,62,60,58,84,69,54,30.04,29.99,29.94,10,10,10,18,8,0.0,3,,29
2015-08-02,75,69,63,61,58,56,87,72,57,30.0,29.96,29.91,10,10,10,21,8,0.0,4,,349
2015-08-03,77,70,62,56,54,52,78,61,43,30.0,29.97,29.93,10,10,10,23,6,0.0,1,,308
2015-08-04,76,68,59,56,54,51,75,61,46,30.03,30.0,29.98,10,10,10,20,6,0.0,1,,318
2015-08-05,78,69,60,62,57,53,87,71,54,30.07,30.0,29.93,10,10,10,16,6,0.0,0,,359
2015-08-06,77,69,61,61,60,58,90,75,60,29.93,29.89,29.83,10,10,8,22,5,0.01,1,,357
2015-08-07,79,70,60,59,57,54,84,66,48,29.92,29.88,29.84,10,10,10,20,8,0.0,1,,356
2015-08-08,76,69,62,59,57,53,84,69,53,29.97,29.94,29.92,10,10,10,23,9,0.0,2,,39
2015-08-09,77,67,57,62,56,51,80,69,57,29.98,29.95,29.91,10,10,10,23,7,0.0,0,,14
2015-08-10,79,69,59,61,58,55,90,72,53,30.0,29.95,29.92,10,10,10,22,7,0.0,1,,4
2015-08-11,77,69,61,59,56,52,84,67,50,30.01,29.95,29.91,10,10,10,24,7,0.0,2,,349
2015-08-12,81,70,59,61,55,51,81,62,42,30.08,30.04,30.0,10,10,10,22,7,0.0,0,,343
2015-08-13,79,70,61,61,58,54,90,68,45,30.07,30.05,30.0,10,10,10,23,7,0.0,2,,346
2015-08-14,78,71,63,60,58,55,84,67,50,30.11,30.06,30.01,10,10,9,21,8,0.0,3,,334
2015-08-15,95,77,58,63,56,50,86,55,23,30.01,29.96,29.88,10,8,3,16,5,0.0,0,,346
2015-08-16,97,82,66,63,58,49,78,50,22,29.92,29.87,29.81,9,8,6,16,4,0.0,0,,343
2015-08-17,85,74,62,64,60,55,87,66,45,29.92,29.86,29.82,10,9,7,14,6,0.0,1,,341
2015-08-18,78,69,60,61,58,55,90,72,54,29.95,29.92,29.88,10,9,6,17,8,0.0,4,,11
2015-08-19,75,70,64,61,58,55,78,68,57,29.96,29.93,29.9,10,9,7,20,7,0.0,3,,17
2015-08-20,72,68,63,58,57,55,78,68,57,29.94,29.91,29.87,10,10,10,17,8,0.0,4,,346
2015-08-21,75,68,61,59,57,55,84,71,57,29.92,29.89,29.87,10,10,10,20,8,0.0,2,,75
2015-08-22,77,69,61,60,57,55,84,69,54,29.96,29.92,29.88,10,10,10,17,8,0.0,4,,50
2015-08-23,75,69,63,59,57,56,84,71,57,30.04,29.99,29.95,10,10,10,20,7,0.0,4,,25
2015-08-24,75,68,61,59,57,55,84,71,57,30.08,30.03,29.98,10,10,9,15,7,0.0,3,,358
2015-08-25,76,68,59,60,58,55,84,71,57,30.04,30.0,29.95,10,10,9,16,6,0.0,2,,358
2015-08-26,83,72,61,60,58,54,90,64,37,30.06,30.02,29.98,10,9,5,17,5,0.0,3,,353
2015-08-27,89,76,63,59,55,48,78,52,26,30.07,30.02,29.97,10,10,10,22,5,0.0,0,,356
2015-08-28,91,78,64,65,60,53,87,61,34,29.98,29.91,29.84,10,10,10,22,7,0.0,1,,356
2015-08-29,81,73,64,65,62,52,87,68,49,30.03,29.98,29.92,10,10,10,23,7,0.0,4,,349
2015-08-30,79,70,61,60,55,51,78,63,47,30.08,30.02,29.96,10,10,10,22,8,0.0,2,,327
2015-08-31,82,72,61,62,56,52,84,63,42,29.97,29.92,29.86,10,10,10,22,6,0.0,0,,6
